#{"t_start": 1769877804.0415854, "env_id": "SocNavGym-v1"}
r,l,t
-158.72876,600,10.989728
-70.390106,600,16.757411
-545.619764,600,21.952474
-34.046167,600,27.646946
-67.589519,600,32.852935
-36.571618,600,37.80118
-47.583454,600,42.132305
-11.865267,600,46.590482
-255.588583,600,51.270605
-84.071049,600,55.869586
11.548202,550,60.174693
101.989047,220,61.85193
99.74482,465,65.236369
106.251007,330,67.70575
-32.846113,587,72.439528
99.393839,407,75.488472
90.71178,208,77.161717
81.381086,66,77.720169
55.7442,364,80.546733
41.093194,370,83.493038
69.250741,392,86.396582
-139.021447,600,90.981122
103.010303,164,92.187046
102.77753,445,95.305779
105.810193,171,96.561356
103.081398,81,97.177962
106.016809,173,98.452691
69.295738,302,100.713215
102.800616,324,103.016895
-473.358865,600,107.50572
98.939684,191,108.908458
93.009323,365,111.556511
72.116979,193,113.085957
96.214831,123,114.049204
102.35773,146,115.110658
-100.91929,318,117.550998
82.000323,272,119.607862
94.768728,379,122.547916
70.119057,177,123.930582
84.111578,72,124.518292
93.59931,174,125.806485
102.777354,167,127.006295
99.451329,240,128.736176
104.547699,140,129.76796
100.94064,80,130.378961
108.896241,270,132.329837
103.236468,305,134.555974
104.029989,130,135.55796
96.464585,39,135.867191
-586.80427,600,140.477783
100.380053,49,140.874589
86.50933,127,141.867647
99.349383,165,143.116333
96.381729,166,144.353399
104.534923,123,145.293667
100.446297,20,145.485539
101.496233,71,146.054496
98.753552,148,147.18494
100.128038,164,148.426184
95.133177,309,150.817341
-529.969618,600,155.564495
99.080647,154,156.767226
100.318648,9,156.881116
104.971464,168,158.189902
102.914537,64,158.689805
103.618346,178,160.046915
80.377568,241,162.056209
101.491333,87,162.802138
105.942323,110,163.676942
104.911811,123,164.620535
89.202057,126,165.630482
98.040902,128,166.618017
99.480046,273,168.70983
100.729191,130,169.719522
100.075005,146,170.8294
98.391083,128,171.824589
102.883503,110,172.674388
83.019325,96,173.49025
106.465051,136,174.551779
102.988657,130,175.54287
97.565916,156,176.705908
103.674684,165,177.97797
99.582809,134,179.048811
99.319704,175,180.392918
102.837738,191,181.858995
99.874432,39,182.204131
103.948105,85,182.90091
100.968148,16,183.066786
103.702279,133,184.117173
101.755984,188,185.578359
106.604666,135,186.65625
100.697339,87,187.346119
99.518139,69,187.890596
100.790271,144,189.137711
97.382213,169,190.461696
105.947995,246,192.356062
106.575939,89,193.091446
67.057959,143,194.248614
100.560247,39,194.585115
87.466613,97,195.401733
103.061591,207,197.015446
100.925592,168,198.336316
108.401551,119,199.295044
99.250149,58,199.775167
107.989245,107,200.659982
106.893763,104,201.511585
101.404915,121,202.474766
109.146456,127,203.511544
108.051907,140,204.761348
93.524171,206,206.482101
102.067105,31,206.771795
102.872213,82,207.473048
99.507805,172,208.892855
103.406622,105,209.803042
101.958294,28,210.074375
105.528543,79,210.752088
102.488259,65,211.306258
-569.428406,600,216.370084
99.173273,89,217.106056
101.16691,34,217.417714
102.195464,76,218.071122
103.926239,123,219.106508
94.18841,47,219.54745
101.483945,30,219.847398
101.040198,155,221.139216
101.67799,29,221.429041
90.417461,139,222.695034
103.697192,283,225.127189
105.130138,82,225.864125
102.345562,61,226.415383
96.750298,144,227.610312
40.701179,175,229.206539
103.207601,38,229.551483
109.572566,130,230.680994
-551.783061,600,235.726396
106.435318,106,236.617002
104.95723,118,237.634813
80.033528,204,239.373423
101.237222,71,240.010595
100.456473,18,240.211617
100.901817,79,240.905679
99.519202,73,241.570244
102.831373,33,241.899642
100.477489,10,242.03407
91.933796,141,243.345771
105.687673,68,243.983172
100.306213,47,244.431118
100.295404,95,245.26965
103.872408,95,246.133354
104.626304,106,247.112266
101.797763,96,247.939834
-580.801806,600,253.224181
99.40234,45,253.648636
103.672738,77,254.380326
104.141488,124,255.488844
102.147741,68,256.079657
101.056398,15,256.25721
103.061512,44,256.694643
101.460285,115,257.755081
100.55565,16,257.936795
101.726168,70,258.585019
-9.501251,311,261.373658
105.261361,61,261.987995
105.391754,80,262.732858
102.234352,26,263.021499
95.632786,49,263.496518
101.748268,98,264.374181
106.462066,106,265.324512
96.370678,142,266.589066
103.625044,92,267.416836
102.96956,37,267.80315
101.25673,168,269.30693
101.974595,64,269.919181
107.489554,179,271.450695
99.967081,39,271.824609
105.087293,169,273.237749
106.887229,294,275.645303
106.162168,77,276.331825
102.582185,91,277.12198
100.347519,125,278.194492
101.630935,26,278.455995
41.528831,195,280.111538
53.015844,168,281.58422
101.024683,44,281.984806
107.448392,169,283.432262
65.833738,191,285.051854
102.909543,35,285.392894
106.857253,338,288.161944
101.829466,37,288.516428
101.793221,65,289.099493
104.981886,199,290.841082
106.283306,72,291.528948
102.070944,25,291.784111
104.802218,67,292.402084
101.184792,34,292.741931
105.700747,68,293.375046
105.211238,63,293.978575
100.777963,18,294.179473
101.980938,91,294.992535
102.083655,110,296.016039
104.183836,91,296.855006
103.770083,96,297.722257
98.06199,97,298.582901
105.86942,133,299.759565
101.967788,132,300.944298
105.095406,161,302.380494
102.686537,108,303.401405
103.673887,154,304.792787
105.301849,102,305.825807
104.710701,74,306.545137
105.298145,289,309.578215
101.780442,33,312.236449
106.53577,87,313.341331
97.485903,139,314.616895
100.652377,86,315.361566
102.375417,64,315.932735
101.823824,30,316.231071
103.970039,123,317.357939
107.85045,84,318.149057
103.895334,48,318.596394
100.336344,13,318.755086
103.312473,47,319.203716
99.299579,186,320.772024
102.603354,88,321.572882
99.809148,122,322.674401
94.600286,171,324.188301
103.170937,48,324.635544
100.839437,15,324.806653
102.882416,104,325.72263
102.288762,102,326.632715
102.916235,38,326.98875
86.169307,149,328.32464
104.077318,180,329.901596
104.618367,58,330.455045
104.304486,107,331.402631
102.988297,118,332.438477
100.538155,12,332.579248
103.227497,51,333.06016
103.248001,50,333.526393
-495.781808,600,338.831782
100.914679,19,339.036544
101.18042,32,339.352716
103.180918,108,340.29172
103.993115,109,341.234317
105.109969,83,341.995284
104.320976,114,342.97441
102.08226,48,343.419582
27.134811,170,344.949434
98.663384,137,346.189915
103.313503,78,346.904255
67.797324,222,348.924288
96.097183,292,351.384667
103.470946,98,352.264755
102.823657,44,352.696128
103.336088,114,353.676458
103.416512,109,354.619966
103.048831,47,355.064986
94.115612,153,356.513273
103.617604,54,357.061839
104.439204,66,358.35729
106.512392,93,359.198759
77.166302,208,361.082827
104.415989,74,361.753327
104.138121,64,362.348006
104.449674,56,362.861956
106.136084,87,363.650522
106.518297,101,364.56542
100.437982,65,365.197397
103.424034,74,365.880961
105.501754,98,366.782163
106.893463,102,367.70069
102.845495,152,368.989295
104.81298,301,371.507259
100.442436,7,371.611371
104.465388,93,372.458317
101.969011,35,372.806082
101.588679,70,373.452736
105.720488,259,375.675981
100.819628,128,376.78424
51.502299,128,377.938644
104.749689,117,378.950579
102.795761,51,379.419094
-577.155618,600,384.716101
102.294284,71,385.348591
106.418899,79,386.079552
102.242069,50,386.541675
102.201158,69,387.194222
100.430734,85,387.960741
105.134721,90,388.775318
103.403194,59,389.326575
103.727785,56,389.866247
108.043941,222,391.963006
97.244752,90,392.816318
97.88812,111,393.776663
104.701284,77,394.469459
104.845221,105,395.369522
101.387373,77,396.06559
107.461803,98,396.937469
104.502872,173,398.42243
106.785232,106,399.362805
102.292775,28,399.642804
91.926591,147,400.974134
103.079146,49,401.426359
103.717114,47,401.917057
102.147036,93,402.891606
99.545061,132,404.07699
98.581201,70,404.705504
105.314939,68,405.308174
102.476506,52,405.777104
105.87022,174,407.293534
104.600941,110,408.249344
102.748946,100,409.105587
100.520134,8,409.210874
100.666717,120,410.231068
103.590036,53,410.741642
103.530904,81,411.494799
105.707958,208,413.296667
101.51868,18,413.500489
102.065335,75,414.190773
63.134103,318,417.064191
102.109127,29,417.365524
101.011092,85,418.132267
87.035545,48,418.61512
102.619408,61,419.209279
84.897038,317,422.185982
101.719259,34,422.53374
100.980161,12,422.688321
-463.036429,600,428.008143
6.093955,231,430.095262
108.170761,107,431.041374
108.063951,118,432.070358
107.271838,90,432.879829
107.812668,126,433.982026
106.19143,86,434.768355
106.022889,103,435.658546
101.595728,30,435.963067
101.058121,126,437.080072
101.141661,15,437.248246
99.011165,88,438.017991
104.2768,77,438.697754
103.006925,102,439.580269
101.750331,54,440.070453
106.169046,141,441.276993
104.702656,128,442.372844
101.266886,17,442.55619
102.457527,77,443.251779
106.839195,117,444.271402
103.797869,56,444.793884
101.462154,91,445.658378
100.79448,104,446.798018
102.774605,76,447.529993
105.811406,73,448.263878
105.047602,63,448.919188
101.690362,95,449.818487
100.376048,42,450.234726
49.540349,135,451.521624
97.584591,99,452.438649
104.791649,72,453.139448
101.950925,92,453.993367
92.961664,227,456.052174
100.729494,60,456.621276
100.304803,92,457.491111
99.22726,82,458.242673
102.720083,60,458.815796
102.574782,46,459.284821
104.493684,63,459.899427
105.404878,97,460.794852
103.589377,57,461.340976
104.880489,72,462.036908
104.801491,59,462.609525
97.241459,200,464.3279
103.87177,70,464.951285
107.640559,173,466.423593
106.878994,86,467.199101
103.638417,58,467.729478
100.268171,33,468.039984
107.709115,90,468.860645
102.497882,64,469.422182
103.989845,74,470.085489
86.035727,192,471.844214
107.588277,129,473.031955
98.157502,97,473.919445
105.559187,153,475.265738
105.039384,77,475.999182
103.210115,40,476.407439
22.648092,403,480.144177
98.787972,38,480.519104
99.983305,221,482.548386
103.718228,239,484.702133
100.981005,154,486.104663
102.072995,63,486.706113
105.230137,106,487.718679
108.740831,121,488.828513
104.838088,90,489.644665
107.130921,187,491.284049
97.969425,256,493.528961
104.574245,162,494.946055
103.36379,49,495.435571
99.29939,68,496.091055
100.839974,11,496.235522
102.379185,158,497.633767
103.575692,195,499.351253
102.933879,56,499.893948
106.901171,304,502.549975
104.120315,209,504.460413
104.266513,69,505.138614
100.028696,194,506.884095
107.58098,119,508.025457
93.013086,238,510.203135
98.001312,126,511.32526
102.131635,236,513.425223
106.870279,107,514.402164
105.512813,98,515.26493
105.095088,205,517.047005
104.827428,64,517.649573
100.45718,10,517.777243
105.677065,106,518.700044
103.300412,42,519.097527
102.255676,61,519.633734
95.544977,141,520.878743
102.653216,89,521.646866
102.018197,28,521.939558
100.974561,28,522.234856
104.365629,123,523.350535
103.258634,135,524.551546
106.095683,79,525.296996
103.21185,104,526.251335
96.432171,116,527.284766
90.211013,124,528.470287
101.922627,53,528.984213
102.62788,35,529.336403
105.546389,109,530.378771
100.690735,16,530.563783
106.136476,133,531.786565
101.407276,71,532.467939
105.359441,132,533.668541
100.460003,43,534.095718
102.825566,54,534.627192
100.798382,19,534.848738
103.589985,49,535.327999
102.286825,56,535.868048
104.989344,110,536.899094
104.251038,83,537.680387
105.044215,56,538.231826
99.450442,123,539.390471
106.721337,184,540.998903
104.818699,99,541.876173
102.338224,43,542.276818
102.352401,137,543.494122
104.370265,86,544.241847
97.89766,138,545.378017
105.350248,105,546.339673
104.383991,72,547.011282
102.398087,72,547.663252
106.919069,119,548.747531
101.386459,210,550.54367
105.228196,84,551.325037
103.868598,201,553.143227
85.410783,29,553.470336
66.178063,176,555.188791
101.102419,82,555.945662
100.503873,46,556.385174
101.005413,123,557.506957
105.43133,167,558.999173
100.056485,54,559.523009
100.974167,48,559.99281
102.5227,131,561.179426
100.521371,22,561.412048
102.17343,59,561.975029
102.985292,51,562.489189
101.648378,47,562.94637
107.117503,101,563.871322
101.687297,96,564.734635
103.286688,89,565.495219
104.098673,74,566.17333
102.816568,53,566.670645
102.083708,28,566.951542
102.929528,86,567.725985
102.215205,33,568.042535
100.867941,165,569.47698
103.364203,55,569.978353
104.637593,57,570.52584
100.676096,38,570.877115
105.097139,82,571.62093
101.664426,26,571.88195
102.199923,33,572.202214
102.174823,63,572.792233
105.810345,106,573.771475
100.578963,57,574.311745
99.376998,186,576.000251
103.1841,110,577.007723
102.131305,34,577.359833
101.316526,101,578.292217
104.520353,107,579.291884
105.063859,77,580.04727
104.699469,99,580.978726
103.707574,95,581.854528
95.582794,136,583.155171
97.504294,176,584.772216
100.189348,23,585.029726
0.387559,346,588.13623
104.395462,162,589.603773
102.310163,30,589.922816
104.751257,88,590.72385
102.808538,40,591.132957
101.204244,128,592.250111
106.930709,153,593.659218
102.396852,56,594.214743
101.128593,17,594.402349
104.983838,60,594.979425
106.196213,124,596.133682
101.583851,27,596.414587
105.656413,102,597.376018
105.948894,115,598.441194
103.057571,114,599.484957
101.668866,44,599.91837
94.546175,62,600.510349
103.719932,63,601.121738
82.986704,128,602.321403
99.887936,119,603.446503
91.172657,144,604.779228
103.957291,70,605.450379
105.556952,110,606.479992
102.241462,65,607.096358
101.580909,37,607.480741
102.967345,82,608.25218
102.396264,46,608.694961
107.940838,107,609.722858
105.511475,136,610.93698
106.794451,114,611.955757
98.575331,74,612.609778
98.662287,59,613.145376
103.220652,49,613.612992
105.308025,158,614.954086
102.049439,26,615.220669
101.451433,87,615.97402
105.241404,90,616.772537
100.487367,7,616.872844
104.875378,139,618.15991
99.899521,191,619.895555
103.186857,38,620.290114
105.219403,96,621.195986
103.874833,92,622.037664
107.415429,175,623.625414
103.906179,90,624.498059
103.40288,80,625.264844
104.260441,51,625.774734
104.955842,64,626.400491
104.164553,59,626.978684
102.384762,82,627.745413
105.754663,151,629.156229
107.637547,131,630.423526
105.306175,84,631.188135
102.866959,43,631.621504
103.525031,87,632.475026
104.550002,64,633.096322
101.867933,48,633.571952
103.032548,64,634.195544
100.527096,54,634.687056
100.667675,16,634.8574
102.868683,149,636.170267
100.203928,143,637.380414
104.321953,106,638.339572
106.44185,105,639.329153
101.817375,32,639.659737
108.021522,205,641.480169
102.421407,128,642.631409
105.303486,141,643.951442
101.645911,19,644.173098
85.136586,220,646.266127
98.229757,105,647.317466
104.932586,58,647.884897
107.896655,133,649.086254
102.099546,23,649.346516
93.882206,46,649.809501
104.27202,76,650.529889
102.786965,38,650.910744
100.318446,56,651.434379
105.83506,94,652.31723
96.479269,140,653.587852
92.711751,98,654.476198
105.044421,67,655.133739
103.590346,73,655.802571
98.769321,58,656.309984
105.653664,91,657.125358
100.841288,27,657.386362
101.024596,42,657.796259
105.013408,172,659.322233
95.792107,101,660.224317
104.705693,102,661.175331
101.011526,56,661.710434
105.440019,143,663.026537
100.186397,4,663.104395
107.021795,99,664.062003
102.241998,56,664.593367
104.482969,70,665.284386
102.392503,48,665.764912
100.676405,23,666.013992
105.964368,83,666.824081
102.61822,95,667.724168
103.050193,96,668.650685
103.125157,35,669.010499
102.847737,102,669.953812
102.358339,38,670.336885
103.271714,57,670.883494
92.897687,133,672.175115
104.712303,74,672.878918
103.063352,41,673.301527
102.492599,49,673.793541
104.493372,66,674.43447
100.397396,98,675.345074
107.780487,149,676.727289
100.656996,34,677.073837
104.610069,83,677.857746
104.291956,49,678.346118
102.522239,88,679.148006
-26.116536,325,682.217328
105.263541,113,683.302905
103.64016,64,683.95653
77.757624,201,685.894614
99.319431,130,687.106419
81.21338,151,688.541659
102.597191,67,689.189871
-471.719582,600,694.553994
104.078383,70,695.203071
100.179868,10,695.329126
104.155634,57,695.877284
102.116161,28,696.177315
105.401385,79,696.916081
99.675727,87,697.70138
98.157403,93,698.593692
102.566431,33,698.932568
106.990047,92,699.798686
96.975661,291,702.553304
103.710407,49,706.138714
101.460805,64,706.826144
104.885677,104,708.013748
96.40075,81,708.742187
101.790699,25,709.003357
99.170748,198,710.756072
107.626293,106,711.748055
107.135952,85,712.549396
105.348751,125,713.685246
97.886998,135,714.894238
104.796388,52,715.414407
84.726665,192,717.206248
57.847323,148,718.648073
106.592168,135,719.900173
102.153652,65,720.513428
105.145836,68,721.17634
104.120253,90,722.020296
101.67813,54,722.534673
103.024812,85,723.327097
103.365858,81,724.108895
101.995439,50,724.593989
104.268604,51,725.10974
106.459096,95,726.038499
101.637442,21,726.274441
100.395804,6,726.370062
106.475086,95,727.248771
57.831449,207,729.246297
99.340429,74,729.964414
94.302434,160,731.400433
95.939311,148,732.81738
105.577966,96,733.741943
106.11784,81,734.535239
104.377712,157,735.950226
104.962908,82,736.75125
99.517698,201,738.687316
102.676645,48,739.18345
104.569327,61,739.772791
102.309369,90,740.661037
87.091117,147,742.003955
101.518733,20,742.66502
107.390994,105,743.685315
106.247709,86,744.540527
107.081799,118,745.642632
101.799075,29,745.949379
101.806698,229,747.961562
103.135185,117,749.184234
101.896402,29,749.554675
101.918353,134,751.122985
103.605131,48,751.602885
101.509224,206,753.569085
100.129734,9,753.697587
105.60933,102,754.652641
-535.806717,600,760.445752
105.608779,89,761.32639
89.821538,121,762.440727
101.82732,26,762.722612
-521.267478,600,768.297083
104.813495,76,769.019468
105.310593,69,769.676756
102.959934,154,771.105474
104.728908,117,772.220332
100.42343,135,773.497654
104.562674,59,774.082205
44.668148,246,776.424479
103.20002,38,776.827818
107.760119,97,777.782955
101.204833,59,778.339967
101.081042,21,778.57792
106.193311,79,779.343344
103.064916,81,780.131194
46.396004,211,782.082788
101.808777,28,782.400418
101.391027,28,782.688044
102.645767,191,784.379281
99.385977,106,785.32126
107.380946,146,786.567194
104.591318,94,787.401611
102.490181,32,787.724195
-63.791649,298,790.46353
92.223883,276,793.001855
106.542059,88,793.85803
-90.724151,399,797.961613
105.806785,82,798.771165
103.325861,104,799.763072
101.871421,51,800.285261
106.185094,88,801.159141
106.880411,90,802.026634
101.281221,24,802.287411
104.303307,88,803.13669
103.160051,41,803.549485
-531.096485,600,808.996216
102.178608,137,810.187011
102.525546,59,810.716701
100.867558,19,810.92481
104.470974,54,811.434366
-516.844992,600,817.131935
104.881748,140,818.333258
104.037972,154,819.903601
102.072728,147,821.415641
104.909732,71,822.237505
101.945911,129,823.504716
104.4687,73,824.251425
100.404635,19,824.47542
102.272522,28,824.767139
101.222558,21,825.014273
104.357227,51,825.537298
101.561248,19,825.757886
105.729171,148,827.107667
91.074022,212,829.139932
103.520652,66,829.746456
103.295295,141,831.000367
104.081182,142,832.222873
102.418429,71,832.863401
103.599764,71,833.503355
107.40525,82,834.242008
100.908977,33,834.564163
103.087938,232,836.511325
101.399835,80,837.252327
100.657352,49,837.687848
103.874111,52,838.15544
102.809777,35,838.501908
105.507882,73,839.198031
97.334096,91,840.142892
102.189987,233,842.406068
104.147887,98,843.354137
104.862541,59,843.930676
100.97437,41,844.338412
103.424336,68,844.979325
105.912311,121,846.081586
104.914877,144,847.396194
102.712304,34,847.750192
102.753428,178,849.366199
100.462923,11,849.505609
106.286502,196,851.288329
106.235606,181,852.908323
104.24387,60,853.512239
101.122553,19,853.727288
-73.931331,237,855.791349
21.997296,178,857.334595
105.543026,110,858.305634
107.57411,162,859.690812
100.691261,12,859.83315
106.513175,91,860.63494
100.445421,11,860.777599
105.008332,131,861.980756
109.488995,122,863.098968
98.25122,73,863.798633
101.321069,67,864.421322
100.952861,15,864.600403
102.115372,28,864.888194
105.082819,95,865.756157
48.365706,158,867.250927
102.112454,142,868.608555
102.143711,29,868.909814
104.075017,129,870.049227
102.034381,175,871.529322
100.528313,59,872.066668
101.198231,194,873.726103
102.056616,29,874.014095
107.762299,132,875.184295
101.904422,40,875.573391
-122.403649,343,878.512307
97.057055,181,880.132391
100.971981,56,880.635552
108.494396,89,881.417013
106.634709,125,882.512161
101.468083,41,882.90099
104.82897,61,883.460369
103.936118,106,884.35696
103.641498,46,884.822695
104.9253,78,885.566229
107.911038,221,887.469461
86.574042,439,891.358634
101.407471,26,891.624601
102.018205,55,892.117004
101.747389,25,892.378468
103.395541,36,892.738396
106.719662,387,896.002743
101.366697,38,896.373974
96.61666,153,897.709243
103.147978,39,898.076334
102.612465,81,898.784443
103.348399,70,899.384027
105.983581,144,900.620178
103.073823,129,901.720995
56.581227,339,904.843564
104.431285,263,907.183775
98.403526,173,908.943134
103.661562,252,911.158082
104.287338,74,911.842875
103.550174,58,912.4173
102.12057,81,913.156568
102.831812,120,914.271026
103.746291,45,914.697861
105.879236,71,915.402712
102.834255,172,916.960515
100.279791,60,917.51367
100.963233,12,917.655321
107.045581,149,918.945994
101.143862,96,919.786935
104.573922,59,920.331512
107.862129,207,922.097222
101.833066,28,922.387772
82.827726,169,923.897648
100.288686,18,924.084505
103.047322,41,924.48586
103.271351,85,925.226185
100.224029,6,925.312738
106.342584,116,926.355882
101.769228,108,927.279599
103.316452,43,927.674852
-44.194601,255,929.848866
104.228786,87,930.589825
106.711369,103,931.467983
102.168712,35,931.795115
100.299871,17,931.962275
99.648961,207,933.728
104.201606,76,934.397537
104.481277,60,934.973346
95.4792,240,937.060326
102.862899,39,937.444617
102.686769,91,938.276363
75.38002,120,939.340354
106.657616,81,940.095714
106.095227,142,941.383756
105.865969,72,942.060091
96.420249,106,943.016355
107.566276,95,943.936884
104.725626,109,944.91508
105.99503,156,946.331402
100.233229,117,947.38677
107.098435,89,948.156283
104.467936,74,948.817423
105.722399,180,950.301142
102.316064,33,950.613447
103.017249,58,951.131418
105.040822,73,951.764731
102.52474,94,952.550528
96.186229,95,953.341598
101.002305,15,953.504156
107.293517,174,955.000071
101.024952,211,956.909821
103.737557,331,959.748322
102.052245,40,960.145042
106.6146,195,961.918685
100.199953,4,961.993799
107.71258,219,963.990138
105.817618,159,965.422261
104.195388,514,970.209955
101.798066,90,971.045172
104.133402,56,971.584484
106.795138,129,972.779863
103.977768,71,973.420374
-564.265878,600,978.846753
103.143737,169,980.43733
105.718439,145,981.757938
-486.647869,600,987.35736
101.820015,24,987.610812
104.415261,102,988.585604
107.873009,255,990.821842
104.649556,113,991.801315
106.077376,109,992.766976
106.666377,161,994.125983
103.606755,83,994.846457
95.341414,128,995.970769
105.836342,120,997.01499
65.425986,187,998.690384
100.469204,41,999.10241
102.978312,180,1000.688101
101.51732,123,1001.816519
3.170322,600,1007.186444
105.648396,60,1007.779041
106.92789,94,1008.686097
101.727452,29,1008.981992
101.833353,38,1009.362378
106.112505,116,1010.449687
101.341378,113,1011.497819
108.589388,138,1012.751944
101.734634,23,1012.994079
101.899051,135,1014.218229
102.430655,92,1015.002499
104.883536,66,1015.598294
104.960128,178,1017.120919
104.260162,211,1018.846664
105.114092,200,1020.521718
-529.652683,600,1025.926426
-34.91589,600,1031.416128
105.634455,132,1032.617152
104.26288,86,1033.4173
101.896254,205,1035.434823
104.363533,173,1036.915084
104.472706,99,1037.819964
101.99585,22,1038.051332
104.245686,198,1039.754065
105.974485,217,1041.537345
103.197804,74,1042.211559
103.766786,75,1042.871414
98.491353,73,1043.572986
104.443981,120,1044.666065
-508.200128,600,1050.130414
102.618757,57,1050.672458
95.857827,124,1051.81692
101.310903,21,1052.043032
104.473599,75,1052.756379
101.446921,128,1053.936673
100.672234,62,1054.504455
105.38895,127,1055.641701
102.089797,37,1056.012022
103.650993,93,1056.848739
101.298649,268,1059.138397
88.034196,218,1061.046828
105.170838,75,1061.709915
104.274475,439,1065.282447
100.884153,110,1066.236817
101.677544,38,1066.604468
108.8633,196,1068.337487
-111.359757,388,1071.887158
104.02919,93,1072.765283
101.284267,70,1073.415575
108.543572,109,1074.437037
102.013577,107,1075.39702
100.507066,49,1075.840218
106.840893,149,1077.208738
101.512223,32,1077.524116
106.386537,81,1078.286374
106.033742,193,1079.961139
105.851935,88,1080.792321
103.384219,44,1081.221004
100.47199,11,1081.935964
100.692785,25,1084.357008
103.862104,110,1085.404482
103.029552,195,1087.25445
105.790025,204,1088.988513
106.804801,219,1090.966111
103.081776,65,1091.621041
34.929821,107,1092.608165
109.310551,259,1094.918673
101.964956,130,1096.095189
103.089958,55,1096.651092
104.126501,71,1097.32997
94.766193,402,1100.902365
103.044356,43,1101.367001
107.012702,103,1102.356863
105.77427,143,1103.678617
101.91279,93,1104.514818
103.396896,38,1104.884159
103.339981,42,1105.265062
104.112764,100,1106.127573
100.964621,79,1106.81689
103.493005,196,1108.450612
103.560802,66,1109.047089
106.073125,103,1109.956463
101.558428,49,1110.425588
101.449017,58,1110.948462
-591.54991,600,1116.619195
102.436003,29,1116.940546
104.339056,148,1118.279878
102.004821,55,1118.814186
105.45881,99,1119.779542
104.858154,70,1120.446196
102.156066,31,1120.764275
102.474498,74,1121.474583
101.791564,29,1121.78484
102.918115,38,1122.172831
102.284952,59,1122.731961
101.092769,116,1123.800405
103.921662,44,1124.250243
100.267139,5,1124.343123
109.237528,110,1125.389479
105.583074,96,1126.297005
103.383533,65,1126.906022
102.898908,38,1127.267729
103.894877,57,1128.410932
101.822119,28,1128.75834
104.815839,98,1129.924375
105.829071,75,1130.651693
105.749912,96,1131.566505
102.029934,26,1131.856039
101.004297,15,1132.033101
99.082415,70,1132.727374
100.364936,19,1132.954459
103.865574,213,1134.818875
101.381712,69,1135.502418
99.28149,85,1136.294052
102.306579,37,1136.672887
105.467942,105,1137.669271
96.489122,96,1138.589792
98.90976,187,1140.249667
103.34658,46,1140.700573
101.322322,133,1141.884789
105.630344,165,1143.381409
107.032029,105,1144.388554
102.467774,85,1145.178823
98.119935,159,1146.566715
102.541232,109,1147.556036
107.023828,139,1148.792094
104.800148,63,1149.41913
82.379307,139,1150.739363
103.940131,110,1151.758366
103.627435,52,1152.260679
95.463433,100,1153.222718
104.373968,70,1153.887368
105.396113,131,1155.080104
101.818216,22,1155.323485
105.09397,152,1156.67457
100.349188,7,1156.773572
104.205851,49,1157.266742
95.51869,144,1158.513495
106.75846,183,1160.183597
103.552809,142,1161.475491
99.306318,182,1163.139731
103.514125,53,1163.679676
99.876196,107,1164.671682
105.529372,197,1166.432365
102.195108,103,1167.380452
93.329951,351,1170.668814
103.570438,77,1171.385252
95.102604,191,1173.05144
103.059936,66,1173.786543
104.332257,68,1174.541021
105.538265,77,1175.355838
103.36078,143,1176.622504
100.659932,144,1177.872444
106.930894,370,1181.118966
101.776272,30,1181.434718
107.325931,219,1183.385345
100.92169,44,1183.807939
100.835963,69,1184.464465
105.051451,83,1185.251827
101.761969,50,1185.742784
106.684794,130,1186.892716
105.382651,163,1188.314414
102.156678,192,1189.890803
101.814758,98,1190.734981
103.665103,143,1191.914159
103.504428,49,1192.377785
107.595393,131,1193.484594
104.939195,118,1194.513972
100.239522,74,1195.145495
103.161466,48,1195.588617
-499.555653,600,1201.087215
104.281943,68,1201.747245
101.078706,46,1202.185473
107.600792,153,1203.615632
105.443432,70,1204.318647
61.130628,100,1205.273745
103.873457,58,1205.853928
105.183714,139,1207.144818
102.213675,26,1207.418038
105.579751,222,1209.401968
103.726984,79,1210.106587
102.139439,55,1210.621979
104.437873,106,1211.598962
102.081417,41,1211.995344
102.012807,102,1212.9158
103.385414,74,1213.605122
101.936253,26,1213.874948
105.049029,351,1217.132187
104.010972,72,1217.838624
102.25161,78,1218.653146
106.689517,111,1219.897921
102.118971,26,1220.204323
104.142143,116,1221.307186
100.170904,4,1221.38544
98.845008,376,1224.700763
104.481357,82,1225.495377
102.824656,41,1225.91128
101.825063,35,1226.267303
102.005092,34,1226.622891
100.337496,6,1226.725071
99.380645,89,1227.599706
105.159427,159,1229.069748
103.910666,70,1229.747565
99.133541,225,1231.715571
102.635136,45,1232.178015
100.271306,76,1232.891893
103.432419,53,1233.405704
102.971488,47,1233.870527
109.847313,294,1236.501348
108.640946,150,1237.879616
101.175765,51,1238.357953
101.275712,20,1238.576147
104.810735,122,1239.707966
100.580307,8,1239.824029
101.547166,366,1242.9984
38.093339,197,1244.836123
103.861749,370,1248.062471
103.108999,46,1248.529231
103.201711,52,1249.050918
105.618549,73,1249.762373
103.357787,51,1250.267881
96.858054,135,1251.505917
102.878946,63,1252.12062
101.895858,54,1252.636067
98.060316,151,1254.047185
101.108754,36,1254.393243
-441.732089,600,1259.834218
107.282182,93,1260.683654
99.957771,97,1261.509587
23.940208,207,1263.327874
-472.745101,600,1268.591771
104.375775,209,1270.37949
101.941626,71,1271.01859
100.318478,153,1272.295115
105.747343,98,1273.165375
103.219874,41,1273.56346
103.458197,59,1274.085774
102.756973,78,1274.786001
104.007268,58,1275.293249
104.719441,101,1276.200042
105.557121,112,1277.180568
103.640338,89,1277.95855
101.957483,106,1278.893903
102.566359,54,1279.384349
105.810617,73,1280.064793
102.026749,162,1281.43021
106.615029,104,1282.328939
103.019816,76,1282.998993
101.870319,34,1283.357316
104.930057,85,1284.108938
103.360431,51,1284.587321
102.810847,84,1285.330938
101.736944,104,1286.23021
102.441995,99,1287.099228
106.247073,83,1287.852038
108.226849,116,1288.887779
107.183704,88,1289.68004
100.492692,275,1292.111542
101.027889,44,1292.540129
102.834723,42,1292.932532
104.26763,83,1293.657463
103.144769,115,1294.643853
106.177591,114,1295.592635
105.683586,288,1297.968073
103.612274,60,1298.505394
104.751999,213,1300.311068
104.359959,57,1300.873275
101.68684,24,1301.13207
105.113769,72,1301.842967
100.768569,14,1302.016341
103.186999,48,1302.494962
101.217612,19,1302.711131
102.969224,79,1303.463755
100.671202,14,1303.638959
101.827547,23,1303.900499
100.520598,39,1304.289262
100.488742,7,1304.398598
105.348381,89,1305.221495
102.514194,57,1305.777744
104.215733,79,1306.522591
103.752997,48,1306.998234
103.229796,80,1307.761108
106.748593,143,1309.024837
104.743923,86,1309.823284
106.694511,163,1311.30772
103.595082,152,1312.650759
98.889028,144,1313.917623
102.95175,41,1314.319784
97.576733,78,1315.003236
102.5373,50,1315.456607
105.148167,128,1316.573976
105.7632,62,1317.131901
105.889933,67,1317.754759
95.610319,94,1318.541089
99.741395,10,1318.666113
100.994194,31,1318.950043
106.388795,163,1320.300658
107.293232,161,1321.704424
102.619179,41,1322.124828
104.236558,60,1322.704301
103.418672,42,1323.128232
103.357303,57,1323.673267
-529.40499,600,1329.219115
100.722987,10,1329.348684
102.738336,129,1330.508386
102.794518,38,1330.893871
101.886957,33,1331.234933
103.198709,41,1331.636517
104.457725,50,1332.135175
-1.814198,235,1334.234529
105.015198,80,1334.949136
52.846954,135,1336.177649
106.102143,120,1337.23471
101.099828,46,1337.647482
103.736478,48,1338.095723
107.161022,98,1338.920541
103.374236,44,1339.334747
103.543537,42,1339.742702
100.64041,80,1340.426963
102.840107,35,1340.762744
106.307712,79,1341.47004
103.292367,40,1341.87814
101.397308,20,1342.091995
-523.077001,600,1347.717118
103.568716,97,1348.638695
101.016047,227,1350.655903
102.562741,35,1351.009994
105.835087,81,1351.788658
105.428222,64,1352.403779
90.586815,139,1353.713551
101.13757,49,1354.171446
100.688866,34,1354.507424
104.073675,65,1355.105394
104.338616,138,1356.339055
103.429306,63,1356.94324
101.194624,50,1357.40853
101.184733,118,1358.439096
101.248804,26,1358.698859
-510.546786,600,1363.94308
97.974547,141,1365.24578
100.358179,24,1365.495374
102.724936,33,1365.845105
107.930536,122,1366.931928
104.366913,58,1367.483528
103.421651,50,1367.966409
101.189706,20,1368.174799
101.24818,102,1369.076604
92.976111,82,1369.85158
100.632083,11,1369.988503
102.116011,34,1370.322442
51.482536,287,1372.838875
102.370389,73,1373.509402
108.08243,184,1375.1461
100.24468,71,1375.809019
104.656839,213,1377.596423
103.716156,123,1378.599732
50.46835,89,1379.380425
103.38334,42,1379.779513
104.929804,110,1380.727326
104.545291,142,1381.946417
102.325823,29,1382.216019
108.397919,103,1383.112036
104.119819,96,1383.980582
105.930063,149,1385.311014
102.961973,60,1385.89239
104.623428,57,1386.457606
102.484148,36,1386.817749
107.356082,159,1388.259872
101.784605,28,1388.553719
101.469684,362,1391.639428
105.674281,81,1392.398713
100.57957,9,1392.520854
101.507998,20,1392.737218
106.32519,136,1393.956748
103.273329,71,1394.62808
100.776087,14,1394.794696
100.310009,102,1395.730067
106.22451,73,1396.431458
80.077964,182,1398.02022
101.106308,139,1399.148562
100.609772,9,1399.267072
93.543731,423,1402.692251
103.141383,89,1403.44918
105.255651,80,1404.165265
103.11626,52,1404.636387
105.800523,201,1406.401748
102.594629,149,1407.726351
102.669265,48,1408.204803
105.108617,76,1408.92151
102.67989,32,1409.255266
101.239956,171,1410.765973
103.052308,42,1411.165026
106.166446,107,1412.123235
99.840282,33,1412.445451
98.467073,123,1413.514973
107.432471,345,1416.628772
102.526962,41,1417.027864
103.694482,234,1419.034038
100.727277,42,1419.403956
104.782571,59,1419.93927
101.509856,30,1420.22862
103.990718,47,1420.652828
101.845809,285,1422.915493
104.005148,237,1424.849155
106.662703,105,1425.765928
69.508907,202,1427.594442
108.949723,161,1429.015745
100.880346,23,1429.261309
20.147378,260,1431.653608
99.587159,134,1432.800572
105.68017,150,1434.114304
101.452436,17,1434.306501
103.358215,47,1434.758085
104.320962,63,1435.340264
100.237238,135,1436.515804
90.433324,181,1438.168547
105.408873,101,1439.072406
-570.211935,600,1443.918985
105.369689,128,1445.042405
105.83051,104,1445.964183
107.209219,198,1447.716838
100.313218,10,1447.847643
105.639482,78,1448.596235
100.686923,121,1449.725961
103.928263,125,1450.856227
104.173316,54,1451.368115
101.742014,37,1451.751291
102.658698,36,1452.101061
108.685648,158,1453.550994
101.606813,260,1455.764828
15.470924,247,1458.031514
102.279971,85,1458.841895
104.319952,188,1460.562847
107.300912,112,1461.601251
99.90918,103,1462.543231
102.959848,181,1464.059045
102.83641,42,1464.456485
105.128897,77,1468.174841
102.55365,57,1468.775917
101.208748,57,1469.56359
105.103398,57,1470.135431
101.625675,92,1470.950901
103.101866,40,1471.342717
104.024831,48,1471.823927
105.839344,127,1472.994078
104.059612,82,1473.747935
102.32137,47,1474.186954
100.547957,89,1475.013992
107.463261,111,1476.056192
103.21623,68,1476.684208
104.287449,146,1477.983637
104.425322,143,1479.270894
105.708316,91,1480.112999
101.977087,37,1480.48199
104.964096,202,1482.232673
96.082847,147,1483.425233
104.790786,80,1484.126133
104.280283,128,1485.192134
103.405788,54,1485.689442
105.526949,80,1486.40432
100.226113,107,1487.325644
106.464566,98,1488.197809
104.012092,52,1488.674971
94.893784,34,1489.007043
101.341698,40,1489.386142
105.219214,79,1490.137144
67.573536,69,1490.825562
106.237482,239,1492.912098
103.811147,52,1493.423254
102.661371,37,1493.781772
101.301516,16,1493.965637
103.687262,42,1494.386247
104.697351,77,1495.100506
92.971196,282,1497.703029
102.473849,83,1498.469214
105.258747,100,1499.369231
101.947354,182,1500.969893
101.541003,34,1501.301042
104.179956,46,1501.755481
101.44197,80,1502.463854
103.68476,64,1503.055854
100.607918,50,1503.505393
105.608054,63,1504.092916
104.136234,95,1504.919587
106.095758,96,1506.172045
106.487635,121,1507.260002
100.855643,12,1507.409263
101.739861,74,1508.07941
105.882057,119,1509.131438
82.350981,403,1512.956347
62.567916,186,1514.893409
61.453088,178,1516.618162
102.877878,123,1517.768987
95.364527,218,1519.82635
100.460958,154,1521.232379
104.610867,68,1521.875931
104.738883,102,1522.81446
102.939806,66,1523.428666
101.290746,17,1523.621749
98.974024,78,1524.343682
103.34804,50,1524.80292
101.233681,105,1525.684143
103.477277,139,1526.885554
100.457388,68,1527.476168
91.621804,64,1528.080297
104.624629,55,1528.625746
100.436719,20,1528.845735
105.650541,69,1529.530161
106.984021,85,1530.352565
104.889397,63,1530.971252
101.134211,101,1531.908621
96.190303,205,1533.883768
67.500626,315,1536.875196
102.288371,94,1537.72909
106.893096,87,1538.544548
103.995771,81,1539.314463
101.155316,56,1539.851256
101.094087,42,1540.250165
74.5151,175,1541.848238
105.895803,90,1542.695755
104.362842,66,1543.323235
102.440018,97,1544.205904
100.930223,64,1544.810719
101.678128,36,1545.17651
108.424863,102,1546.093503
103.701467,50,1546.576328
105.264509,81,1547.336005
101.58149,23,1547.582243
104.98145,65,1548.204061
101.524657,22,1548.438247
101.021845,17,1548.623753
51.38815,197,1550.410687
-501.006154,600,1555.880292
106.404845,139,1557.40375
102.732658,143,1558.847319
103.301821,58,1559.409663
102.525137,142,1560.69344
105.735745,109,1561.701795
102.538455,38,1562.08621
106.915723,183,1563.67721
101.435969,120,1564.767198
98.197519,79,1565.490367
104.30002,67,1566.11786
104.170336,63,1566.734159
101.549151,59,1567.278138
102.199717,26,1567.545019
100.7633,44,1567.955355
101.615498,51,1568.422771
101.846106,22,1568.665812
104.595685,113,1569.709308
107.547419,112,1570.770636
-555.122466,600,1576.239311
100.880918,11,1576.383553
105.278622,140,1577.678573
102.701502,42,1578.101093
104.02796,139,1579.351352
100.81117,64,1579.942535
105.754286,78,1580.69228
104.02335,54,1581.212651
100.699222,10,1581.343455
103.247127,171,1582.861104
99.904044,167,1584.351661
106.164942,78,1585.113545
104.44836,118,1586.217495
101.232212,33,1586.542626
105.942522,106,1587.537829
101.527491,65,1588.154125
107.029758,164,1589.617055
102.537637,50,1590.113884
100.802086,12,1590.272875
102.520553,74,1590.969568
105.843168,91,1591.805064
105.036647,60,1592.380301
103.925771,124,1593.502594
103.8457,51,1593.993265
101.953604,35,1594.330786
105.144609,74,1595.006038
89.861416,69,1595.641584
100.692903,14,1595.804016
102.275641,27,1596.071131
106.363901,89,1596.869048
103.906576,63,1597.465826
106.51893,106,1598.401319
106.655373,93,1599.250258
-480.74944,600,1604.943511
102.662577,85,1605.753204
107.275849,104,1606.740261
107.581179,90,1607.596028
103.385149,46,1608.048402
104.436684,60,1608.615924
101.764731,25,1608.88238
99.902052,39,1609.271333
91.241588,141,1610.532185
101.113895,80,1611.283212
105.795595,77,1612.00218
99.788662,63,1612.592158
105.695634,147,1613.893615
100.886549,93,1614.665844
104.318705,72,1615.286572
101.363788,282,1617.624916
103.555704,75,1618.283829
105.631523,107,1619.203962
100.261349,25,1619.448651
102.721702,209,1621.217332
104.956452,121,1622.332391
102.10513,78,1623.054588
97.775069,190,1624.713804
104.862597,60,1625.295389
105.563262,108,1626.285648
103.172599,56,1626.82864
106.979941,144,1628.173773
106.271278,134,1629.401001
106.192815,81,1630.171587
103.500462,82,1630.943143
107.005923,88,1631.801984
102.557434,72,1632.484905
102.352098,75,1633.153394
105.843091,99,1634.049201
102.655937,31,1634.351119
100.553158,91,1635.142213
105.300459,100,1636.024943
95.735113,207,1637.778574
101.767683,71,1638.405489
104.804883,139,1639.598434
105.322192,137,1640.787623
103.938928,46,1641.224111
100.435413,32,1641.529104
93.960665,215,1643.453776
101.096894,156,1644.82086
102.743066,194,1646.559655
103.469024,51,1647.097128
105.859382,97,1648.028721
104.600369,233,1650.12603
104.415841,78,1650.859316
104.000196,54,1651.369711
105.639843,100,1652.296358
102.745942,45,1652.730675
100.815852,17,1652.914845
106.314321,169,1654.368718
99.979773,154,1655.620015
100.484291,7,1655.719152
108.081728,109,1656.689301
105.17078,92,1657.478834
101.619159,38,1657.813105
104.03191,147,1659.046084
104.66485,464,1662.818242
98.360964,184,1664.468527
104.57433,78,1665.183483
104.452409,49,1665.65489
104.996342,78,1666.378834
-577.253986,600,1671.941006
103.941374,63,1672.539375
-570.538209,600,1677.554825
106.740347,122,1678.56298
103.643205,53,1679.049654
101.126689,77,1679.710964
104.54436,73,1680.334365
102.901465,63,1680.924685
102.31086,152,1682.270452
102.974683,79,1683.021337
104.539824,63,1683.627878
-371.934508,600,1689.12753
104.074743,107,1690.123525
103.219658,50,1690.610641
102.810768,57,1691.168963
100.810531,12,1691.314301
98.974497,181,1692.898554
98.087151,85,1693.68814
104.193825,57,1694.236193
98.931846,137,1695.438651
103.177217,42,1695.85034
101.766445,25,1696.117378
101.383396,50,1696.583893
100.426057,46,1697.006026
106.929294,182,1698.55877
104.603101,59,1699.11386
100.948444,13,1699.272157
105.750709,121,1700.306334
105.979809,72,1701.018638
100.275479,59,1701.576461
105.010026,172,1703.089825
107.356982,130,1704.303654
100.33921,20,1704.524741
103.224885,88,1705.347009
101.151278,17,1705.554615
102.439511,112,1706.59028
103.840402,53,1707.104577
106.463857,82,1707.917991
102.665185,85,1708.719248
103.897348,63,1709.331009
104.572474,142,1710.577896
104.19335,58,1711.149285
106.232104,81,1711.909021
101.625756,39,1712.298949
105.870146,73,1712.989443
105.851389,96,1713.847103
103.574102,56,1714.342233
81.794838,266,1716.796865
90.782314,194,1718.48665
104.428088,68,1719.126001
99.432106,36,1719.492214
102.875689,43,1719.937171
107.722345,111,1720.953076
104.193297,58,1721.517735
103.358945,67,1722.124711
103.08601,85,1722.877366
93.64308,196,1724.692203
104.297091,103,1725.63953
100.79798,13,1725.794617
104.885653,73,1726.469037
106.323134,154,1727.841905
102.870149,58,1728.404426
105.444728,140,1729.651674
107.967661,106,1730.656626
103.707603,114,1731.737059
-559.836615,600,1737.506736
103.938395,56,1738.044856
104.354533,51,1738.54487
105.35328,72,1739.219207
104.105061,152,1740.571529
101.179063,144,1741.854247
102.684762,47,1742.299559
102.799681,51,1742.762816
101.068199,21,1742.981879
102.385143,37,1743.34697
98.304181,86,1744.087484
103.591385,68,1744.703399
103.869228,69,1745.338294
100.514077,10,1745.462976
102.101803,92,1746.294561
99.421186,29,1746.583626
95.655675,165,1748.044478
105.333236,155,1749.447604
103.812589,60,1750.021754
104.429734,103,1751.009965
102.744041,69,1751.669839
106.800903,115,1752.708184
101.697404,25,1752.980305
105.078798,68,1753.634882
101.135244,18,1753.839873
105.23417,120,1754.951894
104.593544,57,1755.509822
106.292906,81,1756.250963
103.886917,150,1757.572188
106.157588,77,1758.307205
96.543812,137,1759.498016
108.096963,121,1760.623559
103.554482,42,1761.051154
102.686392,135,1762.27317
102.986453,49,1762.760755
102.274466,29,1763.063727
101.751607,24,1763.328878
102.709366,98,1764.229083
82.643942,98,1765.197822
100.221986,19,1765.409576
102.736346,87,1766.206463
105.477111,75,1766.918359
104.368557,75,1767.629517
102.756519,73,1768.342793
101.956865,29,1768.645043
101.571879,18,1768.852171
104.540942,89,1769.666094
107.636283,123,1770.803411
103.073586,77,1771.516376
105.908787,157,1772.882611
98.748262,57,1773.438087
101.38371,140,1774.698934
102.494473,66,1775.339593
106.791185,158,1776.774108
102.14582,49,1777.249225
103.934526,84,1778.024238
103.8301,84,1778.790771
100.82721,16,1778.978662
105.113262,129,1780.139668
108.144491,153,1781.530856
100.561907,10,1781.663597
98.113241,186,1783.388376
103.419802,65,1783.99983
100.615735,13,1784.150869
105.36506,75,1784.866871
102.656243,54,1785.382977
105.548214,67,1786.014717
106.218726,97,1786.928761
104.562267,86,1787.727578
101.923706,60,1788.334695
103.253466,99,1789.273379
100.947805,117,1790.309894
101.290813,23,1790.557986
102.529234,51,1791.038223
103.179753,37,1791.410974
108.078998,131,1792.647754
105.828136,71,1793.338291
105.469881,73,1794.04857
101.77122,24,1794.312612
100.161224,129,1795.474592
104.181496,144,1796.749729
104.087442,69,1797.419712
100.58991,11,1797.562611
106.407499,104,1798.529777
90.691882,138,1799.864218
100.764926,12,1800.021972
107.605,93,1800.923674
102.854437,47,1801.386943
106.701453,105,1802.385808
101.291746,15,1802.565651
104.27583,139,1803.841422
103.832992,67,1804.479054
104.07028,55,1805.004378
101.275928,104,1805.972921
106.311455,185,1807.624472
-542.351403,600,1813.029346
104.200325,55,1813.591649
102.619606,55,1814.116481
102.761028,43,1814.534288
102.778445,48,1815.004786
106.10874,132,1816.199896
103.921114,52,1816.729662
105.914608,126,1817.836993
104.350779,206,1819.612269
60.667811,216,1821.606501
101.853553,54,1822.111359
98.822809,96,1823.019924
106.835475,106,1824.016495
-539.918246,600,1829.471685
100.555491,23,1829.710123
102.929879,61,1830.28408
-17.134478,217,1832.179145
106.221682,156,1833.477728
100.377786,8,1833.580423
103.097109,40,1833.966511
-574.815996,600,1839.237133
102.774143,38,1839.626081
102.396154,41,1840.018979
105.949437,93,1840.875531
102.818527,80,1841.622234
101.249561,28,1844.856452
103.276689,99,1845.849788
105.280442,118,1847.141967
104.108819,50,1847.628986
104.499178,61,1848.173645
102.815211,67,1848.774359
104.526401,60,1849.340647
102.815188,46,1849.774464
101.279895,52,1850.235859
102.726819,88,1851.000418
101.669272,20,1851.218936
104.709854,76,1851.944977
106.343714,78,1852.684443
100.999745,29,1852.976483
107.399028,92,1853.870839
104.541437,106,1854.865829
107.139429,99,1855.811468
100.299696,8,1855.922286
101.628182,53,1856.434263
100.833598,29,1856.7187
106.992829,108,1857.709305
100.321708,91,1858.546818
100.300127,10,1858.686691
101.480637,75,1859.406814
104.802996,59,1859.977876
105.703174,92,1860.816558
101.051132,151,1862.138973
104.658241,53,1862.624288
103.910214,92,1863.420021
105.846771,94,1864.238116
68.251865,194,1866.08753
106.215982,105,1867.087291
104.764368,63,1867.701307
105.038629,65,1868.337831
105.767395,93,1869.199234
105.23306,144,1870.506213
108.031059,130,1871.705713
103.779723,116,1872.78251
101.668124,34,1873.123048
105.709995,69,1873.806081
104.535966,65,1874.430818
100.419282,46,1874.878654
104.494732,67,1875.549028
100.982603,13,1875.717878
104.675498,131,1876.904042
107.355125,144,1878.236634
103.369094,47,1878.693737
97.448247,289,1881.161695
105.790655,68,1881.823845
102.45285,110,1882.845452
101.921278,99,1883.810511
101.877266,24,1884.072042
104.717122,58,1884.634785
105.89053,102,1885.596427
106.254474,74,1886.328206
101.092708,34,1886.667975
100.193315,97,1887.579099
102.551929,60,1888.141427
106.352614,90,1889.63678
105.528115,94,1890.68598
100.197847,5,1890.774826
107.465553,114,1892.001491
102.020836,27,1892.28215
104.814614,70,1892.927121
106.377261,97,1893.833209
100.902477,57,1894.378166
102.994192,52,1894.87903
102.369064,36,1895.251314
100.531666,60,1895.799376
104.785803,102,1896.715675
104.812351,141,1897.989173
100.487863,9,1898.107597
104.226941,109,1899.096438
104.423847,59,1899.66628
100.816216,48,1900.104989
102.249698,50,1900.572768
102.186308,30,1900.871501
101.744325,29,1901.158747
102.662979,71,1901.81844
105.679625,96,1902.70863
101.689726,24,1902.967183
102.778219,93,1903.802449
103.789867,51,1904.309891
104.011998,84,1905.080983
100.953206,13,1905.240587
103.341176,43,1905.673032
103.576807,87,1906.478858
107.150331,125,1907.596684
105.391072,74,1908.299475
105.768219,105,1909.204856
101.970819,56,1909.718221
102.677336,36,1910.0744
92.083827,55,1910.60097
103.330942,115,1911.622345
60.820606,150,1912.980661
103.306594,62,1913.56239
102.044876,27,1913.847626
106.300273,84,1914.643762
104.778544,59,1915.207384
103.916232,51,1915.708161
103.840017,46,1916.169658
103.609548,62,1916.755451
105.65833,145,1918.035223
107.822618,133,1919.222667
100.59468,11,1919.356272
103.013522,54,1919.873696
101.517643,27,1920.168386
105.821382,72,1920.860628
104.700397,92,1921.735345
-12.269852,247,1924.047229
104.330744,91,1924.9337
100.862292,13,1925.094098
104.94706,159,1926.540014
106.244223,88,1927.389102
100.420724,236,1929.463799
102.071446,33,1929.80885
105.351726,71,1930.475227
101.181633,50,1930.939361
104.529918,96,1931.85339
107.060355,86,1932.672953
105.22194,65,1933.286914
101.312786,20,1933.535484
103.469821,69,1934.302774
102.580103,67,1935.081663
103.037002,43,1935.590974
107.615344,112,1936.665302
105.730513,247,1938.882572
105.128533,97,1939.810543
103.245265,204,1941.791208
103.889432,73,1942.485635
103.393572,197,1944.182322
76.808891,143,1945.482392
-163.753074,451,1949.508986
-101.098934,304,1952.235547
104.842527,98,1953.136312
105.400353,106,1954.103006
103.872672,113,1955.147868
34.568398,156,1956.595554
101.182666,191,1958.443403
103.076754,75,1959.168648
104.609827,60,1959.71582
103.4039,49,1960.19014
103.715217,63,1960.786861
103.995494,83,1961.576858
100.034256,92,1962.373403
103.651968,243,1964.563832
104.175723,75,1965.234213
100.91348,42,1965.620434
108.414133,121,1966.653133
102.878654,157,1967.91427
102.078255,35,1968.254293
101.911222,60,1968.786571
104.291965,131,1969.955578
106.08074,138,1971.196658
104.550573,54,1971.721076
104.516173,52,1972.224917
103.802486,46,1972.684501
103.522569,120,1973.824286
103.101372,38,1974.198181
104.812226,89,1975.045162
106.729865,121,1976.161164
101.740307,33,1976.48514
106.306976,90,1977.330927
107.59117,87,1978.142536
102.850328,76,1978.901567
101.442215,54,1979.49403
102.233286,37,1979.905898
107.90399,180,1981.474384
107.470839,93,1982.280903
101.012534,20,1982.493535
104.245316,52,1982.97347
107.424995,139,1984.200476
107.071667,144,1985.465726
101.510315,20,1985.690965
100.02643,141,1987.04784
103.143473,39,1987.467737
94.692805,79,1988.18124
102.094557,60,1988.783422
101.547416,44,1989.211635
100.897169,60,1989.777288
105.031293,164,1991.249236
102.60226,36,1991.615076
103.201419,123,1992.678429
107.176096,167,1994.199731
104.126327,57,1994.747114
102.771771,55,1995.268964
94.126389,117,1996.294137
102.687843,30,1996.589994
102.60689,47,1997.027075
104.747191,114,1998.019132
105.181516,79,1998.722744
102.566895,36,1999.057772
102.855843,98,1999.908634
100.737279,17,2000.096269
104.31469,56,2000.614253
105.233932,120,2001.626355
104.387491,120,2002.674989
104.866559,87,2003.501347
96.812824,64,2004.162032
108.073723,179,2005.756375
107.943801,118,2006.8595
103.434325,108,2007.846894
103.998453,61,2008.422087
101.08571,24,2008.678327
102.138578,35,2009.036469
103.491662,60,2009.644661
103.606674,144,2010.95238
103.402483,116,2012.011117
102.456729,55,2012.520953
103.098392,59,2013.052752
106.310681,86,2013.821808
103.914543,125,2014.89893
105.072477,114,2015.890471
103.427396,90,2016.679018
105.184159,100,2017.550824
101.67832,33,2017.866805
106.337343,73,2018.540957
103.533144,46,2018.963714
103.064216,37,2019.321053
106.361604,112,2020.347332
103.38021,67,2021.003489
106.731935,113,2022.050548
100.156661,237,2024.20148
101.167104,36,2024.58117
102.879682,48,2025.073216
104.853482,53,2025.614208
106.847559,75,2026.354797
102.525417,42,2026.773081
41.842209,206,2028.687119
102.917153,82,2029.449214
103.164116,248,2031.508258
105.558972,101,2032.404098
103.984916,55,2032.909354
102.791955,40,2033.277015
104.772905,58,2033.809778
103.182938,51,2034.279566
106.848353,310,2036.840248
106.077048,87,2037.654219
106.275325,120,2038.749383
104.884874,67,2039.390695
102.25654,81,2040.164433
102.078006,42,2040.568723
103.782276,43,2041.01543
102.172792,35,2041.371632
106.22766,106,2042.370712
105.311994,64,2042.987129
97.929358,35,2043.323481
105.165414,75,2044.022373
103.255813,55,2044.539389
103.951895,71,2045.193021
106.630884,80,2045.96808
105.070798,66,2046.57817
102.333999,30,2046.876659
103.172301,178,2048.353487
102.555848,64,2048.921092
100.467224,217,2050.763977
103.340264,42,2051.153132
104.591051,82,2051.873073
102.794306,47,2052.301244
101.062824,14,2052.467112
100.566909,11,2052.599851
102.266915,38,2052.953746
104.182472,69,2053.579714
104.491418,98,2054.480604
104.492012,82,2055.272966
104.209432,66,2055.913885
100.423867,19,2056.124149
103.501594,59,2056.677501
104.377294,116,2057.768231
102.486916,74,2058.448345
109.930562,240,2060.612201
101.421164,25,2060.873486
105.675461,79,2061.621608
105.626198,101,2062.568924
100.608799,11,2062.711528
102.866393,149,2063.9928
105.438585,65,2064.582158
103.235008,63,2065.152928
-554.499935,600,2070.333337
102.719332,79,2071.085011
106.474081,103,2072.025734
95.721624,320,2074.998253
104.998237,98,2075.919945
104.499247,100,2076.856738
98.950752,99,2077.751805
102.998693,45,2078.188721
103.354393,95,2079.065736
104.841512,83,2079.868371
104.253812,309,2082.436794
100.39477,74,2083.065367
105.211975,66,2083.654082
88.198015,111,2084.650465
101.684881,38,2084.995558
98.624439,135,2086.168757
79.051243,143,2087.486069
102.536168,42,2087.896658
103.860686,65,2088.513907
104.159013,110,2089.512641
105.479708,109,2090.531044
104.786387,60,2091.11012
105.4435,72,2091.797039
102.675042,89,2092.592397
103.131888,56,2093.119364
102.909784,98,2094.038811
106.005533,123,2095.143985
105.591971,162,2096.576636
104.837361,69,2097.232578
101.590089,35,2097.566702
104.526284,55,2098.077441
105.628196,161,2099.458687
106.35379,111,2100.437257
103.502011,97,2101.316673
101.413305,25,2101.560646
66.404834,470,2105.540693
98.99283,149,2106.860983
104.195309,89,2107.699093
106.571199,135,2108.938527
56.218838,251,2111.274965
102.653356,35,2111.642816
103.292711,51,2112.120013
101.533342,131,2113.322142
105.336563,62,2113.91983
97.43191,86,2114.735038
100.202564,16,2114.917024
101.450844,34,2115.266343
108.709463,130,2116.418085
101.515343,141,2117.648491
103.750786,69,2118.26748
105.18885,67,2118.87185
104.423515,52,2119.356831
103.736748,98,2120.219246
103.870673,90,2121.017944
106.025031,137,2122.193533
103.941308,51,2122.671335
106.21188,129,2123.826486
103.532425,47,2124.27473
103.062382,48,2124.752449
104.376085,85,2125.562971
104.720454,137,2126.783548
98.252063,136,2127.99825
104.643232,240,2130.144321
101.82604,37,2130.517873
103.315364,95,2131.395928
103.110701,111,2132.364346
106.4377,189,2133.953786
103.514934,151,2135.230415
101.343874,84,2135.944511
98.985307,72,2136.55785
100.549967,11,2136.691938
104.56472,91,2137.490333
104.610169,52,2137.971169
101.797999,27,2138.231308
101.534172,39,2138.584454
105.46022,75,2139.245264
104.934005,64,2139.821731
101.353447,39,2140.176617
104.244379,103,2141.074476
105.470095,94,2141.944113
104.353297,75,2142.650254
101.592637,20,2142.863154
103.063508,114,2143.934309
101.084617,54,2144.45865
102.648643,60,2145.020897
102.332587,50,2145.488574
103.576188,129,2146.60283
107.865658,95,2147.488819
100.751798,92,2148.309765
103.489868,61,2148.873923
93.586918,206,2150.806515
-501.042961,600,2156.152355
105.718194,177,2157.660093
103.761194,77,2158.352188
104.505398,77,2159.058881
91.952154,82,2159.818898
100.82689,13,2159.96724
102.984355,52,2160.444753
104.663314,67,2161.049945
102.216475,121,2162.110526
100.910972,61,2162.672728
101.637777,24,2162.920481
105.775382,72,2163.585792
95.976771,54,2164.127054
102.25008,33,2164.440172
96.31869,155,2165.826257
82.263801,134,2167.067867
103.828297,57,2167.61628
103.120784,86,2168.432726
100.115765,178,2170.050091
103.328207,43,2170.477851
105.339085,79,2171.247421
99.519122,61,2171.835952
102.714601,49,2172.314713
102.284069,30,2172.618658
103.428134,57,2173.167558
101.192606,99,2174.043855
-511.316657,600,2179.565254
102.767281,326,2182.368608
100.729028,21,2182.597555
103.348745,78,2183.316895
103.677482,252,2185.489006
104.947482,98,2186.385819
100.186328,4,2186.463537
104.603118,73,2187.136944
106.945571,112,2188.140512
102.615405,31,2188.452516
105.591033,139,2189.693347
103.987184,46,2190.158614
101.172136,102,2191.123818
103.396057,67,2191.793884
107.090496,219,2193.709844
101.517711,31,2194.01782
105.974612,82,2194.779799
90.05997,156,2196.179327
104.649195,75,2196.873039
102.008303,97,2197.732466
102.010043,28,2198.01939
102.349674,76,2198.73864
104.419587,83,2199.520379
103.241068,112,2200.532691
101.929013,34,2200.855075
105.355785,121,2201.886105
101.892981,154,2203.168992
103.397187,66,2203.749029
100.69297,39,2204.11456
103.679958,154,2205.421131
102.469489,36,2205.777934
102.777989,91,2206.591567
103.342835,57,2209.985196
94.537064,194,2212.072418
108.248633,141,2213.393078
106.359411,151,2214.763988
102.648356,59,2215.325371
102.973426,45,2215.746014
108.694374,104,2216.715214
105.139212,158,2218.098324
103.14454,42,2218.528992
103.635956,77,2219.261631
102.066136,41,2219.672047
110.731571,135,2220.934591
95.649306,174,2222.475207
104.782442,106,2223.471899
101.416731,27,2223.746513
101.746678,23,2223.993298
101.097588,75,2224.670224
106.959732,228,2226.658471
102.101002,39,2227.038571
102.70157,66,2227.65562
101.766038,37,2228.034103
100.981674,100,2228.926977
105.662022,87,2229.748193
92.615091,147,2231.126318
106.896061,89,2231.957054
106.145466,81,2232.740643
105.601385,71,2233.431108
104.256666,119,2234.501245
97.360063,97,2235.406733
104.520285,66,2236.037404
103.390525,54,2236.539428
103.421558,105,2237.482954
101.664151,57,2238.01794
104.978731,71,2238.67903
101.745412,29,2238.974241
101.354265,36,2239.344109
100.454344,14,2239.502624
101.289552,20,2239.727027
103.028569,42,2240.141018
102.713737,112,2241.179559
101.172228,28,2241.475995
100.934956,20,2241.690731
104.273283,57,2242.249856
76.965201,188,2244.021833
102.899549,47,2244.49293
87.476287,191,2246.304511
104.624381,71,2246.935687
102.207618,32,2247.240378
107.728156,108,2248.152386
105.019975,63,2248.714051
100.930752,23,2248.94669
102.025483,28,2249.222821
102.791146,73,2249.866498
102.480977,49,2250.318242
102.943912,40,2250.695144
102.980486,113,2251.630712
72.151344,64,2252.178789
105.316853,131,2253.258564
103.527929,43,2253.664141
106.083583,157,2255.165267
104.007314,150,2257.335436
99.976347,60,2257.899482
102.940972,52,2258.395278
105.920167,126,2259.544091
101.910576,122,2260.653743
102.9053,38,2261.02878
105.971782,86,2261.82884
101.186813,223,2263.686772
103.170949,41,2264.111947
103.266805,75,2264.818937
101.179285,14,2264.988681
102.798348,35,2265.346361
103.743747,45,2265.759234
102.313874,71,2266.371924
101.181677,52,2266.832792
103.062398,60,2267.345079
101.167164,70,2267.923446
101.75199,38,2268.263631
101.462934,174,2269.677126
-566.640331,600,2274.613552
104.944728,67,2275.198498
102.465444,105,2276.065491
99.992833,72,2276.67644
84.211898,134,2277.839702
107.395282,110,2278.777707
104.021207,70,2279.397321
107.01864,110,2280.34891
104.371124,62,2280.893413
103.37971,61,2281.426392
103.525137,80,2282.088422
4.616091,184,2283.693077
72.817709,245,2285.700758
106.027675,96,2286.516521
102.403403,34,2286.847426
104.410569,112,2287.793234
104.219859,53,2288.253506
105.489,70,2288.860708
103.770041,49,2289.310886
105.576416,79,2289.991193
100.333736,102,2290.840188
108.457852,132,2291.939564
102.144415,177,2293.43814
101.420966,73,2294.030412
104.822953,140,2295.166287
99.110386,68,2295.763124
106.124064,73,2296.526686
103.289652,51,2296.960636
109.318827,190,2298.510992
103.954578,49,2298.946699
101.674868,27,2299.198351
-537.116792,600,2304.534277
104.518285,68,2305.13794
102.566721,39,2305.49245
106.495901,187,2306.989013
104.950259,71,2307.614138
102.167603,29,2307.893857
-503.226231,600,2312.911799
100.718832,42,2313.275352
105.830918,129,2314.332382
102.46242,32,2314.627248
103.982839,59,2315.14531
103.611328,97,2315.95631
102.622834,114,2316.886462
102.707696,96,2317.660514
104.350339,53,2318.122519
104.998624,62,2318.651242
103.097709,46,2319.056317
106.153542,133,2320.156041
100.952261,31,2320.444225
102.924814,104,2321.290649
102.97569,40,2321.645983
100.79518,155,2322.952781
103.03834,39,2323.308645
103.786937,55,2323.790486
102.076523,44,2324.18217
106.317729,114,2325.097483
104.329619,87,2325.84706
106.554503,83,2326.554861
101.577562,18,2326.743187
103.929894,62,2327.264195
102.117201,28,2327.523002
103.85141,123,2328.516577
100.724804,41,2328.87017
105.100858,64,2329.407298
100.740317,26,2329.642957
97.4136,221,2331.419994
100.441947,7,2331.518654
101.508642,28,2331.779884
107.704053,106,2332.672566
103.101215,44,2333.075612
102.450801,152,2334.262497
103.529481,236,2336.111488
102.879072,34,2336.430898
101.186657,18,2336.611571
104.58731,97,2337.42144
105.233573,65,2337.973217
101.272575,73,2338.571252
100.560065,8,2338.673099
104.821847,55,2339.173212
104.224235,53,2339.629215
107.614137,107,2340.552906
101.99765,37,2340.883692
-556.50093,600,2346.232022
104.398466,139,2347.381461
102.871537,59,2347.893179
101.464038,29,2348.173047
107.435697,91,2348.957024
103.191551,49,2349.392126
105.96457,76,2350.0424
100.831374,31,2350.335557
101.013675,114,2351.264881
104.124938,81,2351.94178
103.585524,67,2352.512734
103.684595,57,2353.010842
106.443305,117,2353.995779
100.881499,15,2354.160483
106.655897,140,2355.312927
103.700761,49,2355.745277
105.214553,129,2356.82789
103.29946,141,2357.96538
103.638754,75,2358.615208
105.433008,63,2359.15295
103.843936,50,2359.608603
101.122139,21,2359.806756
104.040531,55,2360.285594
104.570027,122,2361.278274
73.97029,114,2362.274359
102.825418,66,2362.829696
104.375784,56,2363.288222
103.938506,68,2363.878629
103.56938,60,2364.398071
103.70297,74,2365.026444
100.644682,13,2365.165375
101.844006,27,2365.425203
102.641595,33,2365.727044
105.277678,82,2366.431675
99.082958,128,2367.478754
74.633348,153,2368.745854
103.59476,55,2369.217619
98.534181,34,2369.523
102.9704,133,2370.593805
104.772344,64,2371.146371
106.762892,97,2371.958905
107.711783,100,2372.776438
103.821256,95,2373.569616
101.273619,176,2374.946475
104.767502,112,2375.87257
104.167355,149,2377.066293
102.004437,29,2377.329901
103.589805,66,2377.887964
101.687854,199,2379.456197
102.284288,30,2379.74404
105.837131,154,2380.954284
101.37766,22,2381.16958
102.932018,61,2381.689702
102.91281,108,2382.585009
105.23564,59,2383.102024
104.712978,51,2383.539953
105.885238,80,2384.212746
103.203749,77,2384.834914
101.097828,17,2385.002931
104.574536,120,2385.97513
102.930432,36,2386.312204
100.889603,76,2386.938671
104.385768,161,2388.184464
98.658483,19,2388.375669
102.146713,28,2388.639943
104.838788,86,2389.379031
100.091477,69,2389.935827
101.45757,20,2390.132809
103.905062,47,2390.544104
103.238542,46,2390.956393
102.332718,54,2391.434219
105.394945,85,2392.150995
98.717173,126,2393.133399
103.472067,93,2393.894365
104.22734,78,2394.558481
103.72683,47,2394.981611
101.447659,20,2395.172861
104.79965,81,2395.849441
106.577257,146,2397.005423
99.488069,102,2397.822362
103.509815,82,2398.472191
96.005014,154,2399.742623
103.614586,113,2400.688854
106.713678,80,2401.399546
106.323872,68,2402.014848
103.30186,38,2402.373722
99.917083,72,2402.968003
101.680316,37,2403.310054
106.623387,81,2404.040468
100.983393,13,2404.193899
102.844995,60,2404.746422
101.806773,90,2405.567339
101.262195,68,2406.171691
102.879597,69,2406.808316
100.645136,221,2408.611429
100.110319,49,2409.063067
104.823454,94,2409.885262
108.160418,126,2411.003486
104.519353,76,2411.675158
101.340425,34,2412.001897
103.039887,44,2412.41217
104.279308,54,2412.906111
95.681217,73,2413.532685
103.099701,84,2414.261306
103.25213,85,2415.008818
105.519048,134,2416.151518
102.920442,58,2416.654078
105.605,292,2419.109639
103.643057,44,2419.530716
104.19118,81,2420.257834
102.273576,35,2420.596438
101.450232,301,2423.24995
103.943642,114,2424.304984
103.410428,105,2425.229975
104.436798,109,2426.183933
102.04982,26,2426.439147
-51.06222,289,2428.943135
107.550657,189,2430.523386
105.081385,134,2431.633856
92.618995,100,2432.511722
102.185328,63,2433.05944
102.328137,61,2433.578852
101.561204,132,2434.653697
103.864527,66,2435.227527
100.791544,10,2435.35077
106.190641,87,2436.104043
104.451205,48,2436.542561
110.277844,132,2437.685191
106.592658,127,2438.720876
102.948489,64,2439.267665
105.521919,71,2439.87208
99.732486,56,2440.350467
101.636869,20,2440.553844
101.937626,25,2440.798958
107.237085,139,2441.902024
104.740847,73,2442.531258
105.168024,84,2443.239014
100.642643,10,2443.368791
97.585925,204,2445.021517
106.711305,111,2445.970164
103.985558,84,2446.687414
100.87299,12,2446.826571
102.637316,38,2447.16774
103.181097,59,2447.71367
106.578346,112,2448.648924
103.718789,43,2449.047873
106.676848,98,2449.863432
102.505028,40,2450.239125
103.977211,53,2450.692138
103.683324,57,2451.199161
105.937039,86,2451.930919
102.507908,37,2452.282461
100.199878,81,2452.957047
102.257936,32,2453.256314
102.048364,49,2453.684173
100.987556,15,2453.850888
100.972317,15,2454.011719
103.97558,72,2454.647818
104.689274,54,2455.117313
103.408765,61,2455.655323
105.80904,86,2456.391462
102.479564,58,2456.902315
106.705886,103,2457.765452
105.859766,93,2458.5503
102.56879,102,2459.398141
104.289989,124,2460.407237
106.886961,110,2461.345981
102.938358,68,2461.93301
102.741113,72,2462.54995
105.002945,67,2463.158765
103.00732,47,2463.606446
100.724715,174,2465.038417
106.981405,78,2465.706159
105.082785,61,2466.248743
101.660633,37,2466.594795
107.176035,93,2467.432867
102.863263,39,2467.809242
103.273933,50,2468.26693
101.793346,22,2468.487264
103.698422,220,2470.32007
105.596064,114,2471.308515
101.588097,95,2472.099046
103.945369,47,2472.539537
104.004138,106,2473.439133
103.392288,67,2474.01443
101.634693,24,2474.245076
103.626746,46,2474.667897
103.255547,55,2475.170668
101.886053,32,2475.469007
97.493043,89,2476.216331
105.26423,86,2476.971338
105.719179,72,2477.617522
98.249754,136,2478.830174
104.70145,69,2479.453575
102.329626,53,2479.906991
102.86569,38,2480.266429
103.530133,52,2480.728936
103.147035,180,2482.237084
105.535123,81,2482.97563
104.855469,60,2483.525415
103.626162,41,2483.902987
101.406826,57,2484.418668
105.984545,99,2485.289536
105.723188,81,2485.999818
102.283229,146,2487.27111
-545.276236,600,2492.478627
107.494558,91,2493.276339
102.260568,29,2493.563001
101.936917,29,2493.83888
104.252986,139,2495.02913
99.729663,103,2495.945818
105.947378,77,2496.653919
104.664043,55,2497.155893
100.965265,22,2497.377884
96.029226,92,2498.166502
102.839217,58,2498.682939
-548.015609,600,2503.783132
103.471839,54,2504.273074
102.233313,48,2504.727049
102.751759,38,2505.079708
105.884917,82,2505.816098
104.41398,71,2506.415241
105.430861,75,2507.114226
101.908732,69,2507.694742
105.605643,65,2508.265323
101.728296,163,2509.630647
107.282183,176,2511.139776
102.477872,71,2511.795392
102.580028,38,2512.17182
104.496399,71,2512.844796
103.115226,38,2513.229856
105.120336,95,2514.127251
102.498644,77,2514.842517
108.103498,102,2515.800075
104.53992,87,2516.639228
103.535116,104,2517.583173
103.889254,55,2518.102025
108.287178,114,2519.15634
104.882048,109,2520.155125
104.595968,57,2520.722501
101.982064,28,2521.007571
103.977567,95,2521.851521
103.315916,44,2522.280461
102.931336,47,2522.734117
106.702285,187,2524.409154
87.739743,187,2526.08006
105.222282,161,2527.52909
102.321344,38,2527.885943
106.009992,179,2529.436424
105.146316,114,2530.440154
107.881362,235,2532.484872
100.456431,68,2533.116543
102.91068,85,2533.891163
103.565164,46,2534.342921
104.586194,58,2534.873095
102.88957,35,2535.221608
101.67802,27,2535.493116
106.909901,91,2536.32007
104.396712,59,2536.896282
104.958455,256,2539.279731
104.361608,73,2539.963346
101.373375,26,2540.228442
103.316173,49,2540.663001
105.001281,67,2541.291408
104.113254,49,2541.760427
106.436063,120,2543.440929
102.83907,37,2545.913359
107.223903,107,2547.294496
102.97701,44,2547.760684
108.561601,250,2550.001055
106.866574,89,2550.810419
97.09508,139,2551.973729
103.697403,113,2552.969944
105.101452,87,2553.742577
105.775733,105,2554.6713
105.37277,77,2555.383727
104.566956,166,2556.845282
104.960091,71,2557.506603
103.611586,78,2558.215467
97.888876,159,2559.631178
99.90795,104,2560.502071
104.048335,106,2561.474056
-490.736265,600,2566.476789
101.822931,30,2566.772468
101.563591,40,2567.162782
102.954153,54,2567.656113
100.408212,43,2568.044033
102.732624,44,2568.448843
96.325025,65,2569.039847
105.826482,116,2570.068406
102.098019,31,2570.367869
102.660996,114,2571.359536
101.121878,18,2571.55374
100.892527,17,2571.724209
99.15804,112,2572.682547
101.655272,142,2573.883581
106.168473,81,2574.620671
103.158886,38,2574.97137
106.409202,118,2576.012839
103.184185,94,2576.824645
106.117757,133,2577.973547
101.143993,36,2578.315034
-532.274099,600,2583.241487
54.199353,179,2584.762418
102.171658,35,2585.087268
104.124132,52,2585.556222
103.003528,36,2585.906408
105.293528,68,2586.537851
99.847991,52,2587.03931
100.834953,181,2588.591195
104.448233,66,2589.180497
103.477237,43,2589.633342
103.56215,42,2590.064647
105.391514,135,2591.440339
102.282276,42,2591.82291
103.266797,60,2592.353902
107.838552,152,2593.614587
101.274726,19,2593.812826
104.150712,65,2594.38249
101.661984,24,2594.610175
102.726489,31,2594.897449
102.2036,27,2595.159752
102.21539,32,2595.462378
107.114761,132,2596.630732
103.015677,47,2597.086059
75.741383,189,2598.765422
104.602045,89,2599.524524
101.595224,85,2600.257313
104.148523,50,2600.704583
104.332976,56,2601.198516
105.496158,231,2603.056005
106.908832,206,2604.733742
105.678944,122,2605.747395
104.662681,107,2606.627646
104.38722,73,2607.278277
105.482883,62,2607.871371
105.746393,144,2609.108283
103.406341,46,2609.559472
104.4234,91,2610.31288
101.021353,67,2610.849179
106.354731,73,2611.454858
103.393946,38,2611.803646
107.787507,94,2612.576789
103.185142,126,2613.582044
104.78828,112,2614.498944
103.500374,53,2614.950989
104.096857,51,2615.39465
102.080339,205,2617.007246
100.726139,12,2617.141546
100.571385,60,2617.654626
105.975379,91,2618.463475
106.329774,74,2619.160202
104.860719,73,2619.828003
-578.971289,600,2624.785411
104.819933,70,2625.400088
106.164843,88,2626.137989
104.985689,96,2626.930948
106.07337,84,2627.667597
100.198671,195,2629.286874
105.769844,156,2630.618141
107.403567,95,2631.409919
100.307022,6,2631.494731
100.972631,13,2631.63092
103.394585,40,2632.002741
103.966106,150,2633.210984
105.395608,78,2633.869172
105.294059,132,2635.037857
99.419838,193,2637.698176
102.744779,68,2638.269683
102.473392,79,2638.933161
102.81926,42,2639.297904
103.963719,106,2640.153587
104.395857,68,2640.753046
107.763283,158,2642.113964
100.667328,14,2642.263165
102.196944,30,2642.548953
83.375642,175,2644.101447
102.413627,131,2645.202626
106.460608,100,2646.119772
102.131976,47,2646.568601
103.291306,40,2646.958087
108.017229,97,2647.849332
104.854521,67,2648.481676
104.695734,69,2649.110654
103.625538,51,2649.566227
101.986397,38,2649.935565
107.874455,193,2651.716711
108.073337,141,2652.924493
105.61402,107,2653.879246
101.91316,110,2654.882152
107.055471,152,2656.200996
103.206272,83,2656.94224
100.552541,82,2657.700096
102.224925,30,2658.016344
96.066674,189,2659.608386
103.977434,52,2660.10296
105.777906,97,2660.929921
51.665324,188,2662.544371
100.877315,36,2662.889832
102.982485,53,2663.378069
101.585745,145,2664.64053
101.729033,89,2665.438314
104.674528,138,2666.654407
102.460247,34,2666.980082
100.761783,56,2667.529339
105.669097,64,2668.141293
103.584534,133,2669.311772
104.148325,57,2669.837666
72.640522,440,2673.517205
101.699385,75,2674.169264
100.742669,158,2675.435351
104.519387,89,2676.191343
100.625749,66,2676.782259
103.413789,43,2677.196106
102.834499,91,2677.969976
101.129685,18,2678.166675
103.403944,47,2678.607714
104.983882,122,2679.65823
100.6637,9,2679.796532
103.231548,166,2681.348865
103.593432,71,2681.985652
106.028331,84,2682.71278
104.045237,57,2683.20426
103.243045,254,2685.242713
104.418906,55,2685.711756
100.654541,9,2685.829626
103.443234,42,2686.222713
104.961111,109,2687.190823
100.934894,16,2687.368278
102.1105,29,2687.652717
100.692763,9,2687.771701
107.181292,85,2688.531652
98.898671,64,2689.096584
100.895499,12,2689.237478
100.746447,11,2689.374477
102.285535,28,2689.6452
100.641627,19,2689.839072
107.658734,185,2691.327832
104.547417,59,2691.827286
101.53977,23,2692.059761
102.201197,36,2692.397347
106.093161,96,2693.212664
104.87166,84,2693.936014
102.515957,68,2694.541842
106.283775,82,2695.241139
103.735824,51,2695.713743
107.148845,95,2696.531566
107.459023,100,2697.3903
100.535026,46,2697.787892
101.958599,31,2698.08296
100.69609,42,2698.448363
107.217118,98,2699.287801
104.447053,61,2699.824245
102.024009,72,2700.47981
101.55425,19,2700.675074
103.137291,52,2701.1649
103.286701,83,2701.911875
103.639664,126,2703.090775
106.93803,94,2704.016385
101.363297,63,2704.608061
105.904892,75,2705.298369
-550.616291,600,2710.556126
102.713657,100,2711.406873
103.180241,64,2711.997963
102.071541,28,2712.282044
101.478498,23,2712.5132
104.481204,63,2713.088439
102.346825,50,2713.534703
79.710257,161,2714.958589
101.832484,47,2715.38688
106.087396,84,2716.13327
84.659926,51,2716.592
102.257064,46,2717.020803
104.187007,45,2717.440136
103.768074,73,2718.071289
42.496917,310,2720.824208
103.807609,55,2721.309026
